reference_number,watch_URL,type,brand,year_introduced,parent_model,specific_model,nickname,marketing_name,style,currency,price,image_URL,made_in,case_shape,case_material,case_finish,caseback,diameter,between_lugs,lug_to_lug,case_thickness,bezel_material,bezel_color,crystal,water_resistance,weight,dial_color,numerals,bracelet_material,bracelet_color,clasp_type,movement,calibre,power_reserve,frequency,jewels,features,description,short_description
1WTAR.U01C.C153A,https://arnoldandson.com/collections/globetrotter/globetrotter-gold,,Arnold & Son,,globetrotter,GLOBETROTTER GOLD,,Limited edition: 28,,,,https://arnoldandson.com/content/374/conversions/thumbnail-cropped.jpg,,,18-carat red gold (5N),,,38.00 mm,,,,,,,2.94 ATM,,"lacquered in shades of sunlit blue, three-dimensional appliqués in 18-carat rose gold (4N) with Super-LumiNova",,hand-stitched blue alligator leather,hand-stitched blue alligator leather,,,Calibre A&S6022 - WORLDTIMER,45 hours,"4 Hz / 28,800 vph",29,"hours, minutes, world times (24-hour ring)","Case: 45 mm, 18-carat red gold (5N)
Dial: lacquered in shades of sunlit blue, three-dimensional appliqués in 18-carat rose gold (4N) with Super-LumiNova
Strap: hand-stitched blue alligator leather",
1WTAS.U01C.C153S,https://arnoldandson.com/collections/globetrotter/globetrotter-steel-blue,,Arnold & Son,,globetrotter,GLOBETROTTER STEEL BLUE,,Limited edition: 88,,,,https://arnoldandson.com/content/383/conversions/thumbnail-cropped.jpg,,,stainless steel,,,38.00 mm,,,,,,,2.94 ATM,,"lacquered, brushed sunburst, tonal blue - Earth's dome: hand-painted, blue lacquer, mother-of-pearl powder & Super-LumiNova (shores)",,hand-stitched alligator strap,hand-stitched alligator strap,,,Calibre A&S6022 - WORLDTIMER,45 hours,"4 Hz / 28,800 vph",29,"hours, minutes, world hours (24-hour ring)","Case: 45 mm, stainless steel
Dial: lacquered, brushed sunburst, tonal blue - Earth's dome: hand-painted, blue lacquer, mother-of-pearl powder & Super-LumiNova (shores)
Strap: hand-stitched alligator strap",
1WTAS.S02C.C155S,https://arnoldandson.com/collections/globetrotter/globetrotter-steel-opaline,,Arnold & Son,,globetrotter,GLOBETROTTER STEEL OPALINE,,,,,,https://arnoldandson.com/content/388/conversions/thumbnail-cropped.jpg,,,stainless steel,,,38.00 mm,,,,,,,2.94 ATM,,"lacquered, brushed sunburst, opaline - Earth's dome: hand-painted, blue lacquer, mother-of-pearl powder & Super-LumiNova (shores)",,hand-stitched alligator strap,hand-stitched alligator strap,,,Calibre A&S6022 - WORLDTIMER,45 hours,"4 Hz / 28,800 vph",29,"hours, minutes, world hours (24-hour ring)","Case: 45 mm, stainless steel
Dial: lacquered, brushed sunburst, opaline - Earth's dome: hand-painted, blue lacquer, mother-of-pearl powder & Super-LumiNova (shores)
Strap: hand-stitched alligator strap",
1WTAX.U02C.C183C,https://arnoldandson.com/collections/globetrotter/globetrotter-platinum,,Arnold & Son,,globetrotter,GLOBETROTTER PLATINUM,,Limited edition: 28,,,,https://arnoldandson.com/content/827/conversions/thumbnail-cropped.jpg,,,Pt 950 platinum,,,38.00 mm,,,,,,,2.94 ATM,,"mother-of-pearl in graduated shades of blue, three-dimensional appliques in 18-carat rhodium-plated gold with Super-LumiNova  ///  24-hour ring:	sapphire crystal with hour decals  ///  continents: rhodium-plated and polished with matt mountain range detailing  ///  oceans: hand-painted, blue lacquer and powdered mother-of-pearl  ///  shorelines: hand-painted, blue lacquer and powdered mother-of-pearl mixed with Super-LumiNova  ///  bridge: 18-carat rhodium-plated gold, polished and satin-finished on the sides",,"Hand-stitched blue alligator skin, raspberry-pink alligator-skin lining  ///  Pt 950 platinum and titanium folding clasp","Hand-stitched blue alligator skin, raspberry-pink alligator-skin lining  ///  Pt 950 platinum and titanium folding clasp",,,Calibre A&S6022 - WORLDTIMER,45 hours,"4 Hz / 28,800 vph",29,"hours, minutes, world time (24-hour ring)","Case: Pt 950 platinum
Dial: mother-of-pearl in graduated shades of blue, three-dimensional appliques in 18-carat rhodium-plated gold with Super-LumiNova  ///  24-hour ring:	sapphire crystal with hour decals  ///  continents: rhodium-plated and polished with matt mountain range detailing  ///  oceans: hand-painted, blue lacquer and powdered mother-of-pearl  ///  shorelines: hand-painted, blue lacquer and powdered mother-of-pearl mixed with Super-LumiNova  ///  bridge: 18-carat rhodium-plated gold, polished and satin-finished on the sides
Strap: Hand-stitched blue alligator skin, raspberry-pink alligator-skin lining  ///  Pt 950 platinum and titanium folding clasp",
1DTAR.Z01A.C120R,https://arnoldandson.com/collections/grandes-complications/double-tourbillon-jade-red-gold,,Arnold & Son,,grandes-complications,DOUBLE TOURBILLON JADE,DOUBLE TOURBILLON JADE RED GOLD,Limited edition: Unique piece,,,,https://arnoldandson.com/content/397/conversions/thumbnail-cropped.jpg,,,18-carat white or red gold (5N),,,37.30 mm,,,,,,,2.94 ATM,,"Dial base: green jade, sub-dials: white opal",,Hand-stitched alligator leather,Hand-stitched alligator leather,,,Calibre A&S8513 - DOUBLE TOURBILLON,90 hours,"3 Hz / 21,600 vph",42,"Local hours and minutes (Roman numerals), independent reference hours and minutes (Arabic numerals)","Case: 43.50 mm, 18-carat white or red gold (5N)
Dial: Dial base: green jade, sub-dials: white opal
Strap: Hand-stitched alligator leather",
1DTAW.Z01A.C121W,https://arnoldandson.com/collections/grandes-complications/double-tourbillon-jade-white-gold,,Arnold & Son,,grandes-complications,DOUBLE TOURBILLON JADE,DOUBLE TOURBILLON JADE WHITE GOLD,Limited edition: Unique piece,,,,https://arnoldandson.com/content/394/conversions/thumbnail-cropped.jpg,,,18-carat white or red gold (5N),,,37.30 mm,,,,,,,2.94 ATM,,"Dial base: green jade, sub-dials: white opal",,Hand-stitched alligator leather,Hand-stitched alligator leather,,,Calibre A&S8513 - DOUBLE TOURBILLON,90 hours,"3 Hz / 21,600 vph",42,"Local hours and minutes (Roman numerals), independent reference hours and minutes (Arabic numerals)","Case: 43.50 mm, 18-carat white or red gold (5N)
Dial: Dial base: green jade, sub-dials: white opal
Strap: Hand-stitched alligator leather",
1ATCX.P01A.C200X,https://arnoldandson.com/collections/dstb/dstb-42-platinum,,Arnold & Son,,dstb,DSTB 42 PLATINUM,,Limited edition: 38,,,,https://arnoldandson.com/content/940/conversions/thumbnail-cropped.jpg,,,platinum (Pt 950),,,33.00 mm,,,,,,,2.94 ATM,,"sunray-brushed, with salmon PVD treatment",,"blue alligator leather, hand-stitched, platinum (Pt 950) pin buckle","blue alligator leather, hand-stitched, platinum (Pt 950) pin buckle",,,Calibre A&S6203 - TRUE BEAT SECONDS,55 hours,"4 Hz / 28,800 vph",32,"hours, minutes, true-beat seconds","Case: platinum (Pt 950)
Dial: sunray-brushed, with salmon PVD treatment
Strap: blue alligator leather, hand-stitched, platinum (Pt 950) pin buckle",
1ATCR.U01A.C200A,https://arnoldandson.com/collections/dstb/dstb-42-red-gold,,Arnold & Son,,dstb,DSTB 42 RED GOLD,,Limited edition: 88,,,,https://arnoldandson.com/content/939/conversions/thumbnail-cropped.jpg,,,18-carat (5N) red gold,,,33.00 mm,,,,,,,2.94 ATM,,"sunray-brushed, with blue PVD treatment",,"blue alligator leather, hand-stitched, 18-carat (5N) red gold pin buckle","blue alligator leather, hand-stitched, 18-carat (5N) red gold pin buckle",,,Calibre A&S6203 - TRUE BEAT SECONDS,55 hours,"4 Hz / 28,800 vph",32,"hours, minutes, true-beat seconds","Case: 18-carat (5N) red gold
Dial: sunray-brushed, with blue PVD treatment
Strap: blue alligator leather, hand-stitched, 18-carat (5N) red gold pin buckle",
1GLBX.U01A.C200X,https://arnoldandson.com/collections/perpetual-moon/perpetual-moon-41-5-platinum-celestial-blue,,Arnold & Son,,perpetual-moon,"PERPETUAL MOON 41.5 PLATINUM ""Celestial Blue""",,Limited edition: 38 pieces,,,,https://arnoldandson.com/content/877/conversions/thumbnail-cropped.jpg,,,platinum Pt 950,,,34.00 mm,,,,,,,2.94 ATM,,“Stellar Rays” decor with celestial-blue PVD treatment,,"blue alligator leather, hand-stitched, 18-carat white gold pin buckle","blue alligator leather, hand-stitched, 18-carat white gold pin buckle",,,Calibre A&S1512 - PRECISION MOON PHASES,90 hours,"3 Hz / 21,600 vph",27,"hours, minutes, astronomical moon phases, second moon-phase indicator on the back","Case: 41.5 mm, platinum Pt 950
Dial: “Stellar Rays” decor with celestial-blue PVD treatment
Strap: blue alligator leather, hand-stitched, 18-carat white gold pin buckle",
1GLM.WZ03A.C247A,https://arnoldandson.com/collections/perpetual-moon/perpetual-moon-38-mintnight,,Arnold & Son,,perpetual-moon,PERPETUAL MOON 38 MINTNIGHT,,Limited edition: 18,,,,https://arnoldandson.com/content/944/conversions/thumbnail-cropped.jpg,,,"18-carat white gold, set with 80 brilliant-cut diamonds",,,30.00 mm,,,,,,,2.94 ATM,,"ruthenium crystals and mother-of-pearl marquetry tinted in graduated shades of green and blue, hour-markers set with 5 marquise-cut diamonds",,"teal-blue satin-feel alligator leather, raspberry-pink alligator-leather lining, hand-stitched, 18-carat white gold pin buckle set with 22 brilliant-cut diamonds","teal-blue satin-feel alligator leather, raspberry-pink alligator-leather lining, hand-stitched, 18-carat white gold pin buckle set with 22 brilliant-cut diamonds",,,Calibre A&S1612,90 hours,"3 Hz / 21,600 vph",24,"hours, minutes, astronomical moon phases","Case: 18-carat white gold, set with 80 brilliant-cut diamonds
Dial: ruthenium crystals and mother-of-pearl marquetry tinted in graduated shades of green and blue, hour-markers set with 5 marquise-cut diamonds
Strap: teal-blue satin-feel alligator leather, raspberry-pink alligator-leather lining, hand-stitched, 18-carat white gold pin buckle set with 22 brilliant-cut diamonds",
1GLBX.P01A.C200W,https://arnoldandson.com/collections/perpetual-moon/perpetual-moon-41-5-platinum-salmon-pink,,Arnold & Son,,perpetual-moon,"PERPETUAL MOON 41.5 PLATINUM ""salmon-pink""",,Limited edition: 28 pieces,,,,https://arnoldandson.com/content/431/conversions/thumbnail-cropped.jpg,,,950 platinum,,,34.00 mm,,,,,,,2.94 ATM,,"‘Stellar Rays’ decor, with blue or salmon-pink PVD treatment",,"Blue alligator leather, hand-stitched","Blue alligator leather, hand-stitched",,,Calibre A&S1512 - PRECISION MOON PHASES,90 hours,"3 Hz / 21,600 vph",27,"Hours, minutes, astronomical moon phases, second moon-phase indicator on the back","Case: 41.5 mm, 950 platinum
Dial: ‘Stellar Rays’ decor, with blue or salmon-pink PVD treatment
Strap: Blue alligator leather, hand-stitched",
1GLBR.U01A.C200A,https://arnoldandson.com/collections/perpetual-moon/perpetual-moon-41-5-red-gold-blue,,Arnold & Son,,perpetual-moon,"PERPETUAL MOON 41.5 GOLD ""blue""",,,,,,https://arnoldandson.com/content/425/conversions/thumbnail-cropped.jpg,,,18-carat (5N) red gold,,,34.00 mm,,,,,,,2.94 ATM,,"‘Stellar Rays’ decor, with blue or salmon-pink PVD treatment",,"blue alligator leather, hand-stitched,","blue alligator leather, hand-stitched,",,,Calibre A&S1512 - PRECISION MOON PHASES,90 hours,"3 Hz / 21,600 vph",27,"Hours, minutes, moon phase","Case: 41.5 mm, 18-carat (5N) red gold
Dial: ‘Stellar Rays’ decor, with blue or salmon-pink PVD treatment
Strap: blue alligator leather, hand-stitched,",
1GLAR.Z01A.C154A,https://arnoldandson.com/collections/perpetual-moon/perpetual-moon-obsidian,,Arnold & Son,,perpetual-moon,"PERPETUAL MOON 41.5 GOLD ""obsidian""",,Limited edition: 28,,,,https://arnoldandson.com/content/325/conversions/thumbnail-cropped.jpg,,,18-carat red gold (5N),,,34.00 mm,,,,,,,2.94 ATM,,"Golden obsidian, blue lacquered guilloché sky, silvered constellations, engraved rhodium-plated moon disc",,blue alligator leather hand-stitched with silver-coloured thread,blue alligator leather hand-stitched with silver-coloured thread,,,Calibre A&S1512 - PRECISION MOON PHASES,90 hours,"3 Hz / 21,600 vph",27,"Hours, minutes, perpetual moon phases indicator","Case: 42 mm, 18-carat red gold (5N)
Dial: Golden obsidian, blue lacquered guilloché sky, silvered constellations, engraved rhodium-plated moon disc
Strap: blue alligator leather hand-stitched with silver-coloured thread",
1GLMW.Z01AC.205A,https://arnoldandson.com/collections/perpetual-moon/perpetual-moon-38-eclipse-I,,Arnold & Son,,perpetual-moon,PERPETUAL MOON 38 ECLIPSE I,,Limited edition: 18,,,,https://arnoldandson.com/content/421/conversions/thumbnail-cropped.jpg,,,"18-carat white gold, set with 80 brilliant-cut diamonds",,,30.00 mm,,,,,,,2.94 ATM,,"aventurine lace crystal encrusted with white mother-of-pearl and blue-tinted mother-of-pearl, set with 35 brilliant-cut diamonds, 3 pear-cut diamonds, 4 brilliant-cut pink sapphires and 8 pear-cut blue sapphires",,"satin-feel blue alligator leather, satin-feel fuchsia alligator leather lining with 18-carat white gold pin buckle, set with 22 brilliant-cut diamonds","satin-feel blue alligator leather, satin-feel fuchsia alligator leather lining with 18-carat white gold pin buckle, set with 22 brilliant-cut diamonds",,,Calibre A&S1612,90 hours,"3 Hz / 21,600 vph",24,"hours, minutes, astronomical moon phases","Case: 38 mm, 18-carat white gold, set with 80 brilliant-cut diamonds
Dial: aventurine lace crystal encrusted with white mother-of-pearl and blue-tinted mother-of-pearl, set with 35 brilliant-cut diamonds, 3 pear-cut diamonds, 4 brilliant-cut pink sapphires and 8 pear-cut blue sapphires
Strap: satin-feel blue alligator leather, satin-feel fuchsia alligator leather lining with 18-carat white gold pin buckle, set with 22 brilliant-cut diamonds",
1GLMR.U01A.C206A,https://arnoldandson.com/collections/perpetual-moon/perpetual-moon-38-rg,,Arnold & Son,,perpetual-moon,PERPETUAL MOON 38 GOLD,,,,,,https://arnoldandson.com/content/441/conversions/thumbnail-cropped.jpg,,,"18-carat red gold (5N), set with 80 brilliant-cut diamonds",,,30.00 mm,,,,,,,2.94 ATM,,"blue-tinted mother-of-pearl, hour-markers set with 36 diamonds",,satin-feel blue alligator leather with 18-carat red gold (5N) pin buckle set with 22 brilliant-cut diamonds,satin-feel blue alligator leather with 18-carat red gold (5N) pin buckle set with 22 brilliant-cut diamonds,,,Calibre A&S1612,90 hours,"3 Hz / 21,600 vph",24,"hours, minutes, astronomical moon phases","Case: 38 mm, 18-carat red gold (5N), set with 80 brilliant-cut diamonds
Dial: blue-tinted mother-of-pearl, hour-markers set with 36 diamonds
Strap: satin-feel blue alligator leather with 18-carat red gold (5N) pin buckle set with 22 brilliant-cut diamonds",
1UTBR.I01A.C246R,https://arnoldandson.com/collections/ultrathin-tourbillon/ultrathin-tourbillon-gold-silver-opaline,,Arnold & Son,,ultrathin-tourbillon,ULTRATHIN TOURBILLON GOLD SILVER OPALINE,,Limited edition: 88,,,,https://arnoldandson.com/content/936/conversions/thumbnail-cropped.jpg,,,18-carat (5N) red gold,,,32.00 mm,,,,,,,2.94 ATM,,"Dial: silver opaline, hour-dial: white opal",,"Hand-stitched blue alligator leather, black alligator leather lining, folding clasp in titanium with 18-carat red gold (5N) cap","Hand-stitched blue alligator leather, black alligator leather lining, folding clasp in titanium with 18-carat red gold (5N) cap",,,Calibre A&S8200 - ULTRATHIN FLYING TOURBILLON,90 hours,"3 Hz / 21,600 vph",29,"Hours, minutes","Case: 41.5 mm, 18-carat (5N) red gold
Dial: Dial: silver opaline, hour-dial: white opal
Strap: Hand-stitched blue alligator leather, black alligator leather lining, folding clasp in titanium with 18-carat red gold (5N) cap",
1UTBR.Z01A.C246R,https://arnoldandson.com/collections/ultrathin-tourbillon/ultrathin-tourbillon-skeleton-red-gold,,Arnold & Son,,ultrathin-tourbillon,ULTRATHIN TOURBILLON SKELETON RED GOLD,,Limited edition: 28,,,,https://arnoldandson.com/content/1026/conversions/thumbnail-cropped.jpg,,,18-carat (5N) red gold,,,,,,,,,,2.94 ATM,,white opal,,"hand-stitched blue alligator leather with black alligator leather lining, folding clasp in titanium with cover in 18-carat (5N) red gold","hand-stitched blue alligator leather with black alligator leather lining, folding clasp in titanium with cover in 18-carat (5N) red gold",,,Calibre A&S8320 - ULTRATHIN FLYING TOURBILLON,,,,"hours, minutes","Case: 41.5 mm, 18-carat (5N) red gold
Dial: white opal
Strap: hand-stitched blue alligator leather with black alligator leather lining, folding clasp in titanium with cover in 18-carat (5N) red gold",
1UTBX.Z01A.C245X,https://arnoldandson.com/collections/ultrathin-tourbillon/ultrathin-tourbillon-skeleton-platinum,,Arnold & Son,,ultrathin-tourbillon,ULTRATHIN TOURBILLON SKELETON PLATINUM,,Limited edition: 28,,,,https://arnoldandson.com/content/1027/conversions/thumbnail-cropped.jpg,,,platinum (PT950),,,,,,,,,,2.94 ATM,,white opal,,"hand-stitched brown alligator leather with black alligator leather lining, folding clasp in titanium with cover in platinum (PT 950)","hand-stitched brown alligator leather with black alligator leather lining, folding clasp in titanium with cover in platinum (PT 950)",,,Calibre A&S8320 - ULTRATHIN FLYING TOURBILLON,,,,"hours, minutes","Case: 41.5 mm, platinum (PT950)
Dial: white opal
Strap: hand-stitched brown alligator leather with black alligator leather lining, folding clasp in titanium with cover in platinum (PT 950)",
1UTBR.U01A.C209A,https://arnoldandson.com/collections/ultrathin-tourbillon/ultrathin-tourbillon-gold-blue,,Arnold & Son,,ultrathin-tourbillon,ULTRATHIN TOURBILLON GOLD BLUE,,Limited edition: 28,,,,https://arnoldandson.com/content/413/conversions/thumbnail-cropped.jpg,,,18-carat (5N) red gold,,,32.00 mm,,,,,,,2.94 ATM,,‘Cosmic grené’: gold powder mixed with coloured aluminium sparkles flange: coloured and circular satin-finished,,blue alligator leather hand-stitched with 18-carat (5N) red-gold thread,blue alligator leather hand-stitched with 18-carat (5N) red-gold thread,,,Calibre A&S8300 - ULTRATHIN FLYING TOURBILLON,100 hours,"3 Hz / 21,600 vph",29,"hours, minutes","Case: 41.5 mm, 18-carat (5N) red gold
Dial: ‘Cosmic grené’: gold powder mixed with coloured aluminium sparkles flange: coloured and circular satin-finished
Strap: blue alligator leather hand-stitched with 18-carat (5N) red-gold thread",
1UTBX.F01A.C208A,https://arnoldandson.com/collections/ultrathin-tourbillon/ultrathin-tourbillon-platinum-41-5,,Arnold & Son,,ultrathin-tourbillon,ULTRATHIN TOURBILLON PLATINUM,,Limited edition: 28,,,,https://arnoldandson.com/content/417/conversions/thumbnail-cropped.jpg,,,platinum Pt950,,,32.00 mm,,,,,,,2.94 ATM,,‘Cosmic grené’: gold powder mixed with coloured aluminium sparkles flange: coloured and circular satin-finished,,"green alligator leather, hand-stitched with pt950 platinum thread","green alligator leather, hand-stitched with pt950 platinum thread",,,Calibre A&S8300 - ULTRATHIN FLYING TOURBILLON,100 hours,"3 Hz / 21,600 vph",29,"hours, minutes","Case: 41.5 mm,  platinum Pt950
Dial: ‘Cosmic grené’: gold powder mixed with coloured aluminium sparkles flange: coloured and circular satin-finished
Strap: green alligator leather, hand-stitched with pt950 platinum thread",
1TPER.W01A.C153A,https://arnoldandson.com/collections/time-pyramid/time-pyramid-42.5-red-gold,,Arnold & Son,,time-pyramid,TIME PYRAMID 42.5 RED GOLD,,Limited edition: 88,,,,https://arnoldandson.com/content/991/conversions/thumbnail-cropped.jpg,,,18-carat (5N) red gold,,,37.60 mm,,,,,,,2.94 ATM,,"Hours on a white opal disc, minutes on a rhodium plated ring",,Hand-stitched blue alligator leather,Hand-stitched blue alligator leather,,,Calibre A&S1615 - DOUBLE POWER RESERVE,90 hours,"3 Hz / 21,600 vph",27,"hours, minutes, seconds, double power reserve","Case: 42.5 mm, 18-carat (5N) red gold
Dial: Hours on a white opal disc, minutes on a rhodium plated ring
Strap: Hand-stitched blue alligator leather",
1TPEX.W01A.C153X,https://arnoldandson.com/collections/time-pyramid/time-pyramid-42.5-platinum,,Arnold & Son,,time-pyramid,TIME PYRAMID 42.5 PLATINUM,,Limited edition: 38,,,,https://arnoldandson.com/content/987/conversions/thumbnail-cropped.jpg,,,platinum (PT950),,,37.60 mm,,,,,,,2.94 ATM,,"Hours on a white opal disc, minutes on a rhodium plated ring",,Hand-stitched blue alligator leather,Hand-stitched blue alligator leather,,,Calibre A&S1615 - DOUBLE POWER RESERVE,90 hours,"3 Hz / 21,600 vph",27,"hours, minutes, seconds, double power reserve","Case: 42.5 mm, platinum (PT950)
Dial: Hours on a white opal disc, minutes on a rhodium plated ring
Strap: Hand-stitched blue alligator leather",
1NEAS.B03A.C169S,https://arnoldandson.com/collections/nebula/nebula-steel-black-alligator,,Arnold & Son,,nebula,NEBULA 41.5 STEEL,,,,,,https://arnoldandson.com/content/766/conversions/thumbnail-cropped.jpg,,,stainless steel,,,31.50 mm,,,,,,,2.94 ATM,,"black PVD flange, rhodium-plated appliques, rhodium-plated, polished angles and satin-finished surfaces bridges",,"black hand-stitched alligator leather, stainless steel pin buckle","black hand-stitched alligator leather, stainless steel pin buckle",,,Calibre A&S5201 - OPEN WORK Black edition,90 hours,3 Hz / 21’600 alt/h,24,"hours, minutes, small seconds","Case: 41.5mm stainless steel
Dial: black PVD flange, rhodium-plated appliques, rhodium-plated, polished angles and satin-finished surfaces bridges
Strap: black hand-stitched alligator leather, stainless steel pin buckle",
1NEAS.B05A.K003S,https://arnoldandson.com/collections/nebula/nebula-steel-black-strap,,Arnold & Son,,nebula,NEBULA 41.5 STEEL,,,,,,https://arnoldandson.com/content/765/conversions/thumbnail-cropped.jpg,,,stainless steel,,,31.50 mm,,,,,,,2.94 ATM,,"black PVD flange, rhodium-plated appliques, rhodium-plated, polished angles and satin-finished surfaces bridges",,"black ‘ballistic’ rubber, stainless pin buckle","black ‘ballistic’ rubber, stainless pin buckle",,,Calibre A&S5201 - OPEN WORK Black edition,90 hours,3 Hz / 21’600 alt/h,24,"hours, minutes, small seconds","Case: 41.5mm stainless steel
Dial: black PVD flange, rhodium-plated appliques, rhodium-plated, polished angles and satin-finished surfaces bridges
Strap: black ‘ballistic’ rubber, stainless pin buckle",
1NECS.B03A.C180A,https://arnoldandson.com/collections/nebula/nebula-38-steel-black-alligator,,Arnold & Son,,nebula,NEBULA 38 STEEL,,,,,,https://arnoldandson.com/content/764/conversions/thumbnail-cropped.jpg,,,stainless steel,,,31.50 mm,,,,,,,2.94 ATM,,"black PVD flange, rhodium-plated appliques, rhodium-plated, polished angles and satin-finished surfaces bridges",,"black hand-stitched alligator leather, stainless steel pin buckle","black hand-stitched alligator leather, stainless steel pin buckle",,,Calibre A&S5201 - OPEN WORK Black edition,90 hours,3 Hz / 21’600 alt/h,24,"hours, minutes, small seconds","Case: 38 mm, stainless steel
Dial: black PVD flange, rhodium-plated appliques, rhodium-plated, polished angles and satin-finished surfaces bridges
Strap: black hand-stitched alligator leather, stainless steel pin buckle",
1NEAS.B04A.S134D,https://arnoldandson.com/collections/nebula/nebula-steel-black-bracelet,,Arnold & Son,,nebula,NEBULA 41.5 STEEL,,,,,,https://arnoldandson.com/content/960/conversions/thumbnail-cropped.jpg,,,stainless steel,,,31.50 mm,,,,,,,2.94 ATM,,"black PVD flange, rhodium-plated appliques, rhodium-plated, polished angles and satin-finished surfaces bridges",,Steel Bracelet,Steel Bracelet,,,Calibre A&S5201 - OPEN WORK Black edition,90 hours,3 Hz / 21’600 alt/h,24,"hours, minutes, small seconds","Case: 41.5mm stainless steel
Dial: black PVD flange, rhodium-plated appliques, rhodium-plated, polished angles and satin-finished surfaces bridges
Strap: Steel Bracelet",
1NEAS.U01A.K002S,https://arnoldandson.com/collections/nebula/nebula-steel-blue-strap,,Arnold & Son,,nebula,NEBULA 41.5 STEEL,NEBULA 41.5 STEEL - BLUE ON STRAP,,,,,https://arnoldandson.com/content/403/conversions/thumbnail-cropped.jpg,,,stainless steel,,,31.50 mm,,,,,,,2.94 ATM,,"blue PVD flange, rhodium-plated appliques",,,,,,Calibre A&S5201 - OPEN WORK Blue edition,90 hours,3 Hz / 21’600 alt/h,24,"Hours, minutes, small seconds","Case: 41.5 mm, stainless steel
Dial: blue PVD flange, rhodium-plated appliques",
1NEAS.U02A.S134D,https://arnoldandson.com/collections/nebula/nebula-steel-blue,,Arnold & Son,,nebula,NEBULA 41.5 STEEL,NEBULA 41.5 STEEL BLUE ON BRACELET,,,,,https://arnoldandson.com/content/408/conversions/thumbnail-cropped.jpg,,,stainless steel,,,31.50 mm,,,,,,,2.94 ATM,,"blue PVD flange, rhodium-plated appliques",,Steel Bracelet,Steel Bracelet,,,Calibre A&S5201 - OPEN WORK Blue edition,90 hours,3 Hz / 21’600 alt/h,24,"Hours, minutes, small seconds","Case: 41.5 mm, stainless steel
Dial: blue PVD flange, rhodium-plated appliques
Strap: Steel Bracelet",
1NEBR.A03A.C181A,https://arnoldandson.com/collections/nebula/nebula-38-gold-II,,Arnold & Son,,nebula,NEBULA 38 GOLD,,Limited edition: 88,,,,https://arnoldandson.com/content/774/conversions/thumbnail-cropped.jpg,,,18-carat red gold (5N),,,31.10 mm,,,,,,,2.94 ATM,,"anthracite flange, golden appliques, 18-carat red gold (5N), polished angles and satin-finished surfaces bridges",,"grey hand-stitched alligator leather, 18-carat red gold (5N) pin buckle","grey hand-stitched alligator leather, 18-carat red gold (5N) pin buckle",,,Calibre A&S5201 - OPEN WORK GOLD edition,90 hours,"3 Hz / 21,600 vph",24,"hours, minutes, small seconds","Case: 38mm 18-carat red gold (5N)
Dial: anthracite flange, golden appliques, 18-carat red gold (5N), polished angles and satin-finished surfaces bridges
Strap: grey hand-stitched alligator leather, 18-carat red gold (5N) pin buckle",
1NEAR.S01B.C179A,https://arnoldandson.com/collections/nebula/nebula-41-5-gold-II,,Arnold & Son,,nebula,NEBULA 41.5 GOLD,,Limited edition: 88,,,,https://arnoldandson.com/content/775/conversions/thumbnail-cropped.jpg,,,18-carat red gold (5N),,,31.10 mm,,,,,,,2.94 ATM,,"anthracite flange, golden appliques, 18-carat red gold (5N), polished angles and satin-finished surfaces bridges",,"grey hand-stitched alligator leather, 18-carat red gold (5N) pin buckle","grey hand-stitched alligator leather, 18-carat red gold (5N) pin buckle",,,Calibre A&S5201 - OPEN WORK GOLD edition,90 hours,"3 Hz / 21,600 vph",24,"hours, minutes, small seconds","Case: 41.5mm 18-carat red gold (5N)
Dial: anthracite flange, golden appliques, 18-carat red gold (5N), polished angles and satin-finished surfaces bridges
Strap: grey hand-stitched alligator leather, 18-carat red gold (5N) pin buckle",
1LMAR.Z01A.C211R,https://arnoldandson.com/collections/luna-magna/luna-magna-red-gold-meteorite,,Arnold & Son,,luna-magna,LUNA MAGNA RED GOLD METEORITE,,Limited edition: 38,,,,https://arnoldandson.com/content/956/conversions/thumbnail-cropped.jpg,,,18-carat red gold (5N),,,27.60 mm,,,,,,,2.94 ATM,,"meteorite, with blue PVD treatment",,"ink blue alligator leather, electric blue alligator leather lining, hand-stitched, 18-carat red gold (5N) cover and stirrup folding clasp","ink blue alligator leather, electric blue alligator leather lining, hand-stitched, 18-carat red gold (5N) cover and stirrup folding clasp",,,Calibre A&S1021 - 3D MOON PHASES,90 hours,3 Hz,35,"hours, minutes, astronomical moon-phase, moon-phase indicator on the back","Case: 44.00mm, 18-carat red gold (5N)
Dial: meteorite, with blue PVD treatment
Strap: ink blue alligator leather, electric blue alligator leather lining, hand-stitched, 18-carat red gold (5N) cover and stirrup folding clasp",
1LMM.WZ04A.C213A,https://arnoldandson.com/collections/luna-magna/luna-magna-ultimate-II,,Arnold & Son,,luna-magna,LUNA MAGNA ULTIMATE II,,Limited edition: 8,,,,https://arnoldandson.com/content/741/conversions/thumbnail-cropped.jpg,,,"18 carat white gold, bezel with dual-row invisible setting and studded lugs, with a total of 112 baguette-cut diamonds (~5.90 ct)",,,27.60 mm,,,,,,,2.94 ATM,,"lagoon-blue PVD-treated ruthenium crystals, subdial in white opal & 12.00 mm moon of 18 carat white gold set with 161 diamonds (~0.75 ct) and 161 Paraíba tourmalines (~0.64 ct)",,"hand-stiched, outside: lagoon-blue alligator leather, inside: raspberry-pink alligator leather & pin buckle 18 carat white gold, set with 26 baguette-cut diamonds (~0.97 ct)","hand-stiched, outside: lagoon-blue alligator leather, inside: raspberry-pink alligator leather & pin buckle 18 carat white gold, set with 26 baguette-cut diamonds (~0.97 ct)",,,Calibre A&S1021 - 3D MOON PHASES,90 hours,3 Hz,35,"hours, minutes, astronomical moon phases (a correction of one day required every 122 years), moon-phase indicator on the back","Case: 44mm, 18 carat white gold, bezel with dual-row invisible setting and studded lugs, with a total of 112 baguette-cut diamonds (~5.90 ct)
Dial: lagoon-blue PVD-treated ruthenium crystals, subdial in white opal & 12.00 mm moon of 18 carat white gold set with 161 diamonds (~0.75 ct) and 161 Paraíba tourmalines (~0.64 ct)
Strap: hand-stiched, outside: lagoon-blue alligator leather, inside: raspberry-pink alligator leather & pin buckle 18 carat white gold, set with 26 baguette-cut diamonds (~0.97 ct)",
1LMMW.Z01A.C177A,https://arnoldandson.com/collections/luna-magna/luna-magna-ultimate-I,,Arnold & Son,,luna-magna,LUNA MAGNA ULTIMATE I,,Limited edition: 8 pieces,,,,https://arnoldandson.com/content/379/conversions/thumbnail-cropped.jpg,,,"18 carat white gold, bezel with dual-row invisible setting and studded lugs, with a total of 112 baguette-cut diamonds (~5.90 ct)",,,27.60 mm,,,,,,,2.94 ATM,,"blue-treated ruthenium crystals, subdial in white opal & 12.00 mm moon of 18 carat white gold set with 161 diamonds (~0.75 ct) and 161 sapphires (~0.85 ct)",,"hand-stiched, outside: blue or black alligator leather, inside: blue or black alligator leather & pin buckle 18 carat white gold, set with 26 baguette-cut diamonds (~0.97 ct)","hand-stiched, outside: blue or black alligator leather, inside: blue or black alligator leather & pin buckle 18 carat white gold, set with 26 baguette-cut diamonds (~0.97 ct)",,,Calibre A&S1021 - 3D MOON PHASES,90 hours,3 Hz,35,"hours, minutes, astronomical lunar phases (one-day correction required every 122 years), moon phase indicator on the back","Case: 44mm, 18 carat white gold, bezel with dual-row invisible setting and studded lugs, with a total of 112 baguette-cut diamonds (~5.90 ct)
Dial: blue-treated ruthenium crystals, subdial in white opal & 12.00 mm moon of 18 carat white gold set with 161 diamonds (~0.75 ct) and 161 sapphires (~0.85 ct)
Strap: hand-stiched, outside: blue or black alligator leather, inside: blue or black alligator leather & pin buckle 18 carat white gold, set with 26 baguette-cut diamonds (~0.97 ct)",
1LMAX.Z01A.C233C,https://arnoldandson.com/collections/luna-magna/luna-magna-platinum-meteorite,,Arnold & Son,,luna-magna,LUNA MAGNA Platinum,LUNA MAGNA PLATINUM METEORITE,Limited edition: 28,,,,https://arnoldandson.com/content/754/conversions/thumbnail-cropped.jpg,,,platinum Pt 950,,,27.60 mm,,,,,,,2.94 ATM,,"aventurine crystal, hour dial: white mother-of-pearl[Moon: 12.00 mm in diameter, grey marble half sphere & aventurine glass half sphere]",,"hand-sewn, grey alligator leather, orange alligator leather lining, platinum (Pt950) and titanium deploying buckle","hand-sewn, grey alligator leather, orange alligator leather lining, platinum (Pt950) and titanium deploying buckle",,,Calibre A&S1021 - 3D MOON PHASES,90 hours,3 Hz,35,"hours, minutes, astronomical three-dimensional moon phases (one-day correction required every 122 years), moon-phase indicator on the back","Case: 44 mm, platinum Pt 950
Dial: aventurine crystal, hour dial: white mother-of-pearl[Moon: 12.00 mm in diameter, grey marble half sphere & aventurine glass half sphere]
Strap: hand-sewn, grey alligator leather, orange alligator leather lining, platinum (Pt950) and titanium deploying buckle",
1LMAX.A01A.C153A,https://arnoldandson.com/collections/luna-magna/luna-magna-platinum,,Arnold & Son,,luna-magna,LUNA MAGNA PLATINUM,,Limited edition: 28,,,,https://arnoldandson.com/content/390/conversions/thumbnail-cropped.jpg,,,platinum Pt 950,,,27.60 mm,,,,,,,2.94 ATM,,"aventurine crystal, hour dial: white mother-of-pearl[Moon: 12.00 mm in diameter, grey marble half sphere & aventurine glass half sphere]",,"hand-stitched alligator leather, outside: blue, inside: dark magenta","hand-stitched alligator leather, outside: blue, inside: dark magenta",,,Calibre A&S1021 - 3D MOON PHASES,90 hours,3 Hz,35,"hours, minutes, astronomical moon-phase (correction one day in every 122 years), moon-phase indicator on the back","Case: 44 mm, platinum Pt 950
Dial: aventurine crystal, hour dial: white mother-of-pearl[Moon: 12.00 mm in diameter, grey marble half sphere & aventurine glass half sphere]
Strap: hand-stitched alligator leather, outside: blue, inside: dark magenta",
1LMAR.A04A.C211A,https://arnoldandson.com/collections/luna-magna/luna-magna-gold-mop,,Arnold & Son,,luna-magna,LUNA MAGNA GOLD,LUNA MAGNA GOLD MOP,Limited edition: 28,,,,https://arnoldandson.com/content/705/conversions/thumbnail-cropped.jpg,,,18-carat red gold (5N),,,27.60 mm,,,,,,,2.94 ATM,,"Mother of pearl counter dial. Aventurine glass [Moon: 12.00 mm in diameter, white marble half sphere & aventurine glass half sphere]",,hand-stitched blue alligator leather,hand-stitched blue alligator leather,,,Calibre A&S1021 - 3D MOON PHASES,90 hours,3 Hz,35,"hours, minutes, astronomical three-dimensional moon phases (one-day correction required every 122 years), moon-phase indicator on the back","Case: 44 mm, 18-carat red gold (5N)
Dial: Mother of pearl counter dial. Aventurine glass [Moon: 12.00 mm in diameter, white marble half sphere & aventurine glass half sphere]
Strap: hand-stitched blue alligator leather",
1LMAR.A02A.C153A,https://arnoldandson.com/collections/luna-magna/luna-magna,,Arnold & Son,,luna-magna,LUNA MAGNA GOLD,,Limited edition: 28 pieces,,,,https://arnoldandson.com/content/369/conversions/thumbnail-cropped.jpg,,,18-carat red gold (5N),,,27.60 mm,,,,,,,2.94 ATM,,"aventurine glass [Moon: 12.00 mm in diameter, white marble half sphere & aventurine glass half sphere]",,hand-stitched blue alligator leather,hand-stitched blue alligator leather,,,Calibre A&S1021 - 3D MOON PHASES,90 hours,3 Hz,35,"hours, minutes, astronomical three-dimensional moon phases (one-day correction required every 122 years), moon-phase indicator on the back","Case: 44 mm, 18-carat red gold (5N)
Dial: aventurine glass [Moon: 12.00 mm in diameter, white marble half sphere & aventurine glass half sphere]
Strap: hand-stitched blue alligator leather",
1ETAR.G01A.C112A,https://arnoldandson.com/collections/tourbillon-chrono-36/tourbillon-chronometer36-gold-gold,,Arnold & Son,,tourbillon-chrono-36,TOURBILLON CHRONOMETER 36 GOLD,,Limited edition: 28 pieces,,,,https://arnoldandson.com/content/373/conversions/thumbnail-cropped.jpg,,,18-carat red gold (5N),,,37.80 mm,,,,,,,2.94 ATM,,"Openwork, red gold (5N) treated bridges and main plate",,Hand-stitched brown alligator leather,Hand-stitched brown alligator leather,,,Calibre A&S8600 - COSC CERTIFIED TOURBILLON,90 hours,"4 Hz / 28,800 vph",33,"Hours, minutes, small seconds, tourbillon","Case: 46 mm, 18-carat red gold (5N)
Dial: Openwork, red gold (5N) treated bridges and main plate
Strap: Hand-stitched brown alligator leather",
1ETAR.S01A.C112A,https://arnoldandson.com/collections/tourbillon-chrono-36/tourbillon-chronometer36-gold-nac,,Arnold & Son,,tourbillon-chrono-36,TOURBILLON CHRONOMETER 36 NAC,,,,,,https://arnoldandson.com/content/841/conversions/thumbnail-cropped.jpg,,,18-carat red gold (5N),,,37.80 mm,,,,,,,2.94 ATM,,"Openwork, NAC treated bridges and main plate",,Hand-stitched brown alligator leather,Hand-stitched brown alligator leather,,,Calibre A&S8600 - COSC CERTIFIED TOURBILLON,90 hours,"4 Hz / 28,800 vph",33,"Hours, minutes, small seconds, tourbillon","Case: 46 mm, 18-carat red gold (5N)
Dial: Openwork, NAC treated bridges and main plate
Strap: Hand-stitched brown alligator leather",
1GLBR.Z06A.C161A,https://arnoldandson.com/collections/metiers-d-arts/perpetual-moon-rabbit-aventurine-black,,Arnold & Son,,metiers-d-arts,"PERPETUAL MOON ""YEAR OF THE RABBIT""",,Limited edition: 8,,,,https://arnoldandson.com/content/818/conversions/thumbnail-cropped.jpg,,,. 18-carat red gold (5N),,,34.00 mm,,,,,,,2.94 ATM,,"MATERIAL : black aventurine glass / RABBIT : 18-carat rose gold (4N), hand-engraved and burnished finishes / LANDSCAPE : hand-painted with gold powder, enhanced with Super-LumiNova / SKY : black aventurine glass / CONSTELLATIONS : hand-painted, enhanced with Super-LumiNova / MOON : mother-of-pearl disc with hand-painted details, enhanced with Super-LumiNova",,Hand-stitched black alligator leather with glittering specks / red alligator leather lining / platinum (Pt950) thread,Hand-stitched black alligator leather with glittering specks / red alligator leather lining / platinum (Pt950) thread,,,Calibre A&S1512 - PRECISION MOON PHASES,90 hours,"3 Hz / 21,600 vph",27,"Hours, minutes, moon-phase indication, second moon-phase indication on the back","Case: 42 mm. 18-carat red gold (5N)
Dial: MATERIAL : black aventurine glass / RABBIT : 18-carat rose gold (4N), hand-engraved and burnished finishes / LANDSCAPE : hand-painted with gold powder, enhanced with Super-LumiNova / SKY : black aventurine glass / CONSTELLATIONS : hand-painted, enhanced with Super-LumiNova / MOON : mother-of-pearl disc with hand-painted details, enhanced with Super-LumiNova
Strap: Hand-stitched black alligator leather with glittering specks / red alligator leather lining / platinum (Pt950) thread",
1GLBR.Z08A.C264A,https://arnoldandson.com/collections/metiers-d-arts/perpetual-moon-dragon-aventurine-blue,,Arnold & Son,,metiers-d-arts,"PERPETUAL MOON ""YEAR OF THE DRAGON"" - Blue Aventurine",,Limited edition: 8,,,,https://arnoldandson.com/content/993/conversions/thumbnail-cropped.jpg,,,18-carat red gold (5N),,,34.00 mm,,,,,,,2.94 ATM,,"blue aventurine glass, 18-carat rose gold (4N) hand-engraved and polished dragon, hand painted with rose gold powder overlaid with Super LumiNova landscape, mother of-pearl disc with hand-painted details, enhanced with Super-LumiNova",,"ink blue alligator leather, red alligator leather lining, hand-stitched, 18-carat red gold (5N) pin buckle","ink blue alligator leather, red alligator leather lining, hand-stitched, 18-carat red gold (5N) pin buckle",,,Calibre A&S1512 - PRECISION MOON PHASES,90 hours,"3 Hz / 21,600 vph",27,"hours, minutes, astronomical moon phases, second moon-phase indicator on the back","Case: 41.5 mm, 18-carat red gold (5N)
Dial: blue aventurine glass, 18-carat rose gold (4N) hand-engraved and polished dragon, hand painted with rose gold powder overlaid with Super LumiNova landscape, mother of-pearl disc with hand-painted details, enhanced with Super-LumiNova
Strap: ink blue alligator leather, red alligator leather lining, hand-stitched, 18-carat red gold (5N) pin buckle",
1GLBR.Z07A.C263A,https://arnoldandson.com/collections/metiers-d-arts/perpetual-moon-dragon-aventurine-black,,Arnold & Son,,metiers-d-arts,"PERPETUAL MOON ""YEAR OF THE DRAGON"" - Black Aventurine",,Limited edition: 8,,,,https://arnoldandson.com/content/1003/conversions/thumbnail-cropped.jpg,,,18-carat red gold (5N),,,34.00 mm,,,,,,,2.94 ATM,,"black aventurine glass, 18-carat rose gold (4N) hand-engraved and polished dragon, hand painted with rose gold powder overlaid with Super LumiNova landscape, mother of-pearl disc with hand-painted details, enhanced with Super-LumiNova",,"spangled black alligator leather, red alligator leather lining, hand-stitched, 18-carat red gold (5N) pin buckle","spangled black alligator leather, red alligator leather lining, hand-stitched, 18-carat red gold (5N) pin buckle",,,Calibre A&S1512 - PRECISION MOON PHASES,90 hours,"3 Hz / 21,600 vph",27,"hours, minutes, astronomical moon phases, second moon-phase indicator on the back","Case: 41.5 mm, 18-carat red gold (5N)
Dial: black aventurine glass, 18-carat rose gold (4N) hand-engraved and polished dragon, hand painted with rose gold powder overlaid with Super LumiNova landscape, mother of-pearl disc with hand-painted details, enhanced with Super-LumiNova
Strap: spangled black alligator leather, red alligator leather lining, hand-stitched, 18-carat red gold (5N) pin buckle",
1LMAR.Z03A.C262R,https://arnoldandson.com/collections/metiers-d-arts/luna-magna-dragon-pietersite,,Arnold & Son,,metiers-d-arts,"LUNA MAGNA ""YEAR OF THE DRAGON"" - Pietersite",,Limited edition: 8,,,,https://arnoldandson.com/content/1006/conversions/thumbnail-cropped.jpg,,,18-carat red gold (5N),,,27.60 mm,,,,,,,2.94 ATM,,"pietersite, 18-carat red gold (5N) hand-engraved dragon, withe opal hour dial, 12.00 mm diameter moon in pietersite and and 18-carat red gold (5N)",,"ink blue alligator leather, red alligator leather lining, hand-stitched, 18-carat red gold (5N) cover and stirrup folding clasp, titanium blades","ink blue alligator leather, red alligator leather lining, hand-stitched, 18-carat red gold (5N) cover and stirrup folding clasp, titanium blades",,,Calibre A&S1021 - 3D MOON PHASES,90 hours,3 Hz,35,"hours, minutes, astronomical moon phases, indicator of moon phases on the back","Case: 44 mm, 18-carat red gold (5N)
Dial: pietersite, 18-carat red gold (5N) hand-engraved dragon, withe opal hour dial, 12.00 mm diameter moon in pietersite and and 18-carat red gold (5N)
Strap: ink blue alligator leather, red alligator leather lining, hand-stitched, 18-carat red gold (5N) cover and stirrup folding clasp, titanium blades",
1LMAR.Z02A.C266R,https://arnoldandson.com/collections/metiers-d-arts/luna-magna-dragon-onyx,,Arnold & Son,,metiers-d-arts,"LUNA MAGNA ""YEAR OF THE DRAGON"" - Onyx",,Limited edition: 8,,,,https://arnoldandson.com/content/1012/conversions/thumbnail-cropped.jpg,,,18-carat red gold (5N),,,27.60 mm,,,,,,,2.94 ATM,,"onyx, 18-carat red gold (5N) hand-engraved dragon, withe opal hour dial, 12.00 mm diameter moon in onyx and and 18-carat red gold (5N)",,"black alligator leather, lined with hand-stitched red alligator leather, 18-carat red gold (5N) cover and stirrup folding clasp, titanium blades","black alligator leather, lined with hand-stitched red alligator leather, 18-carat red gold (5N) cover and stirrup folding clasp, titanium blades",,,Calibre A&S1021 - 3D MOON PHASES,90 hours,3 Hz,35,"hours, minutes, astronomical moon phases, indicator of moon phases on the back","Case: 44 mm, 18-carat red gold (5N)
Dial: onyx, 18-carat red gold (5N) hand-engraved dragon, withe opal hour dial, 12.00 mm diameter moon in onyx and and 18-carat red gold (5N)
Strap: black alligator leather, lined with hand-stitched red alligator leather, 18-carat red gold (5N) cover and stirrup folding clasp, titanium blades",
1UTAR.Z02A.C157A,https://arnoldandson.com/collections/metiers-d-arts/ultrathin-tourbillon-dragon-phoenix-eudialyte,,Arnold & Son,,metiers-d-arts,"ULTRATHIN TOURBILLON DRAGON & PHOENIX ""EUDIALYTE""",,Limited edition: 5 pieces,,,,https://arnoldandson.com/content/349/conversions/thumbnail-cropped.jpg,,,18-carat red gold (5N),,,32.00 mm,,,,,,,2.94 ATM,,"Eudialyte stone, white opal hours counter, hand engraved 18-carat rose gold (4N) dragon & phoenix",,"Purple alligator leather, hand-stitched with 18-carat red gold (5N) thread","Purple alligator leather, hand-stitched with 18-carat red gold (5N) thread",,,Calibre A&S8200 - ULTRATHIN FLYING TOURBILLON,90 hours,"3 Hz / 21,600 vph",29,"Hours, minutes","Case: 42 mm, 18-carat red gold (5N)
Dial: Eudialyte stone, white opal hours counter, hand engraved 18-carat rose gold (4N) dragon & phoenix
Strap: Purple alligator leather, hand-stitched with 18-carat red gold (5N) thread",
1UTAR.Z03A.C158A,https://arnoldandson.com/collections/metiers-d-arts/ultrathin-tourbillon-dragon-phoenix-marcassite,,Arnold & Son,,metiers-d-arts,"ULTRATHIN TOURBILLON DRAGON & PHOENIX ""MARCASSITE""",,Limited edition: 5 pieces,,,,https://arnoldandson.com/content/354/conversions/thumbnail-cropped.jpg,,,18-carat red gold (5N),,,32.00 mm,,,,,,,2.94 ATM,,"Marcassite stone, white opal hours counter, hand engraved 18-carat rose gold (4N) dragon & phoenix",,"Black alligator leather, hand-stitched with 18-carat red gold (5N) thread","Black alligator leather, hand-stitched with 18-carat red gold (5N) thread",,,Calibre A&S8200 - ULTRATHIN FLYING TOURBILLON,90 hours,"3 Hz / 21,600 vph",29,"Hours, minutes","Case: 42 mm, 18-carat red gold (5N)
Dial: Marcassite stone, white opal hours counter, hand engraved 18-carat rose gold (4N) dragon & phoenix
Strap: Black alligator leather, hand-stitched with 18-carat red gold (5N) thread",
1UTAR.Z05A.C160A,https://arnoldandson.com/collections/metiers-d-arts/ultrathin-tourbillon-dragon-phoenix-verdite,,Arnold & Son,,metiers-d-arts,"ULTRATHIN TOURBILLON DRAGON & PHOENIX ""VERDITE""",,Limited edition: 5 pieces,,,,https://arnoldandson.com/content/364/conversions/thumbnail-cropped.jpg,,,red gold case (5N),,,32.00 mm,,,,,,,2.94 ATM,,"Verdite stone, white opal hours counter, hand engraved 18-carat rose gold (4N) dragon & phoenix",,"Green alligator leather, hand-stitched with 18-carat red gold (5N) thread","Green alligator leather, hand-stitched with 18-carat red gold (5N) thread",,,Calibre A&S8200 - ULTRATHIN FLYING TOURBILLON,90 hours,"3 Hz / 21,600 vph",29,"Hours, minutes","Case: 42 mm, red gold case (5N)
Dial: Verdite stone, white opal hours counter, hand engraved 18-carat rose gold (4N) dragon & phoenix
Strap: Green alligator leather, hand-stitched with 18-carat red gold (5N) thread",
1UTAR.Z01A.C156A,https://arnoldandson.com/collections/metiers-d-arts/ultrathin-tourbillon-dragon-phoenix-bronzite,,Arnold & Son,,metiers-d-arts,"ULTRATHIN TOURBILLON DRAGON & PHOENIX ""BRONZITE""",,Limited edition: 5 pieces,,,,https://arnoldandson.com/content/344/conversions/thumbnail-cropped.jpg,,,18-carat red gold (5N),,,32.00 mm,,,,,,,2.94 ATM,,"Bronzite stone, white opal hours counter, hand engraved 18-carat rose gold (4N) dragon & phoenix",,Brown alligator leather hand-stitched with 18-carat red gold (5N) thread,Brown alligator leather hand-stitched with 18-carat red gold (5N) thread,,,Calibre A&S8200 - ULTRATHIN FLYING TOURBILLON,90 hours,"3 Hz / 21,600 vph",29,"Hours, minutes","Case: 42 mm, 18-carat red gold (5N)
Dial: Bronzite stone, white opal hours counter, hand engraved 18-carat rose gold (4N) dragon & phoenix
Strap: Brown alligator leather hand-stitched with 18-carat red gold (5N) thread",
1GLBRZ03AC161A,https://arnoldandson.com/collections/metiers-d-arts/perpetual-moon-tiger,,Arnold & Son,,metiers-d-arts,"PERPETUAL MOON ""YEAR OF THE TIGER""",,Limited edition: 8,,,,https://arnoldandson.com/content/398/conversions/thumbnail-cropped.jpg,,,. 18-carat red gold (5N),,,34.00 mm,,,,,,,2.94 ATM,,"Specular haematite gemstone / hand-engraved, 18-carat yellow gold tiger, hand-painted with rose gold powder, enhanced with Super-LumiNova",,Hand-stitched black alligator leather with glittering specks / red alligator leather lining / platinum (Pt950) thread,Hand-stitched black alligator leather with glittering specks / red alligator leather lining / platinum (Pt950) thread,,,Calibre A&S1512 - PRECISION MOON PHASES,90 hours,"3 Hz / 21,600 vph",27,"Hours, minutes, moon-phase indication, second moon-phase indication on the back","Case: 42 mm. 18-carat red gold (5N)
Dial: Specular haematite gemstone / hand-engraved, 18-carat yellow gold tiger, hand-painted with rose gold powder, enhanced with Super-LumiNova
Strap: Hand-stitched black alligator leather with glittering specks / red alligator leather lining / platinum (Pt950) thread",
1GLMR.Z04A.C202A,https://arnoldandson.com/collections/metiers-d-arts/perpetual-moon-38-tiger,,Arnold & Son,,metiers-d-arts,"PERPETUAL MOON 38 ""YEAR OF THE TIGER""",,Limited edition: 8,,,,https://arnoldandson.com/content/436/conversions/thumbnail-cropped.jpg,,,"Red Gold, Diamond set 2.42ct",,,30.00 mm,,,,,,,2.94 ATM,,"Specular haematite gemstone / hand-engraved, 18-carat yellow gold tiger, hand-painted with rose gold powder, enhanced with Super-LumiNova",,"Hand-stitched black alligator leather with glittering specks / red alligator leather lining / platinum (Pt950) thread, Red gold pin-buckle diam. set","Hand-stitched black alligator leather with glittering specks / red alligator leather lining / platinum (Pt950) thread, Red gold pin-buckle diam. set",,,Calibre A&S1612,90 hours,"3 Hz / 21,600 vph",24,"Hours, minutes, Moon-phase indicator","Case: 38 mm, Red Gold, Diamond set 2.42ct
Dial: Specular haematite gemstone / hand-engraved, 18-carat yellow gold tiger, hand-painted with rose gold powder, enhanced with Super-LumiNova
Strap: Hand-stitched black alligator leather with glittering specks / red alligator leather lining / platinum (Pt950) thread, Red gold pin-buckle diam. set",
